resume_text,category
"John Doe\nSoftware Engineer\nExperience in full-stack development, Python, JavaScript, React, Node.js, and Git.","Software Engineer"
"Jane Smith\nData Scientist\nExpert in data analysis, machine learning, Python libraries (Pandas, NumPy), and R.","Data Scientist"
"Robert Brown\nFront End Developer\nSkilled in HTML, CSS, JavaScript, React, Angular, and responsive design.","Front End Developer"
"Emily Johnson\nBack End Developer\nProficient in Node.js, Express, MongoDB, SQL, and RESTful API development.","Back End Developer"
"Michael Davis\nUI/UX Designer\nExperience with Adobe XD, Figma, user testing, wireframing, and prototyping.","UI/UX Designer"
"Mary Garcia\nProject Manager\nExpert in Agile methodologies, Scrum, team leadership, and project lifecycle.","Project Manager"
"David Martinez\nDevOps Engineer\nProficient in CI/CD, Docker, Kubernetes, cloud services (AWS, Azure), and scripting.","DevOps Engineer"
"Sarah Wilson\nSoftware Tester\nExperience in automated testing, manual testing, QA methodologies, and Selenium.","Software Tester"
"James Anderson\nSystems Analyst\nStrong background in systems design, analysis, and stakeholder communication.","Systems Analyst"
"Jennifer Taylor\nDatabase Administrator\nExpert in SQL, Oracle, PostgreSQL, database management, and data warehousing.","Database Administrator"
"William Thomas\nNetwork Engineer\nExperience with network configuration, security, firewalls, and troubleshooting.","Network Engineer"
"Linda Moore\nTechnical Writer\nSkilled in documentation, content creation, and creating user manuals.","Technical Writer"
"Daniel Jackson\nWeb Developer\nProficient in PHP, MySQL, WordPress development, and front-end technologies.","Web Developer"
"Patricia White\nBusiness Analyst\nExperience in data analysis, business process improvement, and requirements gathering.","Business Analyst"
"Joseph Harris\nMobile App Developer\nExpert in iOS and Android app development, Swift, Kotlin, and Flutter.","Mobile App Developer"
"Barbara Martin\nCloud Engineer\nProficient in AWS, Azure, cloud architecture, and serverless computing.","Cloud Engineer"
"Charles Thompson\nSecurity Analyst\nExperience in cybersecurity, risk assessment, and threat modeling.","Security Analyst"
"Elizabeth Lee\nGame Developer\nSkilled in Unity, C#, game design, and gameplay mechanics.","Game Developer"
"Thomas Walker\nMachine Learning Engineer\nExpert in TensorFlow, Keras, Scikit-learn, and data modeling.","Machine Learning Engineer"
"Christopher Hall\nSoftware Architect\nExperience in system architecture, design patterns, and microservices.","Software Architect"
"Jessica Allen\nSEO Specialist\nSkilled in digital marketing, search engine optimization, and content strategy.","SEO Specialist"
"Andrew Young\nProduct Manager\nExperience in product lifecycle management, market research, and strategy.","Product Manager"
"Melissa King\nHuman Resources Manager\nExpert in talent acquisition, employee relations, and performance management.","Human Resources Manager"
"Joshua Wright\nResearch Scientist\nStrong background in experimental design, analysis, and scientific writing.","Research Scientist"
"Laura Scott\nMarketing Specialist\nSkilled in market research, campaign management, and brand development.","Marketing Specialist"
"Ryan Green\nContent Creator\nExperience in social media management, content strategy, and video production.","Content Creator"
"Rebecca Adams\nWeb Designer\nProficient in graphic design, responsive web design, and user experience principles.","Web Designer"
"Kevin Baker\nIT Support Specialist\nExperience in technical support, troubleshooting, and customer service.","IT Support Specialist"
"Angela Gonzalez\nData Analyst\nSkilled in data visualization, reporting tools (Tableau, Power BI), and statistical analysis.","Data Analyst"
"Sarah Carter\nFinancial Analyst\nExpert in financial modeling, analysis, and investment strategies.","Financial Analyst"
"Charles Mitchell\nSales Engineer\nStrong background in technical sales, customer relations, and product demonstrations.","Sales Engineer"
"Kimberly Perez\nHealth Information Technician\nExperience in medical coding, health data management, and compliance.","Health Information Technician"
"Steven Roberts\nSupply Chain Manager\nExpert in logistics, supply chain optimization, and inventory management.","Supply Chain Manager"
"Deborah Turner\nOperations Manager\nExperience in process improvement, team management, and operational strategy.","Operations Manager"
"Paul Phillips\nE-commerce Specialist\nSkilled in online sales strategies, digital marketing, and conversion optimization.","E-commerce Specialist"
"Laura Campbell\nSocial Media Manager\nExperience in social media marketing, brand management, and community engagement.","Social Media Manager"
"Eric Parker\nResearch Analyst\nStrong background in qualitative and quantitative research, and data analysis.","Research Analyst"
"Nancy Edwards\nCustomer Support Representative\nExperience in customer service, conflict resolution, and ticketing systems.","Customer Support Representative"
"Gary Collins\nContent Strategist\nSkilled in content marketing, brand storytelling, and audience engagement.","Content Strategist"
"Hannah Stewart\nGraphic Designer\nExperience in visual communication, branding, and Adobe Creative Suite.","Graphic Designer"
"Scott Sanchez\nJava Developer\nProficient in Java, Spring, Hibernate, and RESTful services.","Java Developer"
"Susan Morris\nElectrical Engineer\nExpert in circuit design, embedded systems, and power distribution.","Electrical Engineer"
"Donald Rogers\nMechanical Engineer\nExperience in product design, CAD software, and materials engineering.","Mechanical Engineer"
"Jessica Reed\nCivil Engineer\nSkilled in project management, construction design, and site management.","Civil Engineer"
"Timothy Cook\nResearch Developer\nExpert in R&D, innovation strategies, and product development.","Research Developer"
"Karen Morgan\nTechnical Support Engineer\nExperience in troubleshooting, software support, and user training.","Technical Support Engineer"
"Jacob Cooper\nWeb Analyst\nSkilled in web analytics, performance optimization, and A/B testing.","Web Analyst"
"Angela Bailey\nQuality Assurance Engineer\nExperience in software testing, bug tracking, and test automation.","Quality Assurance Engineer"
"Matthew Rivera\nPython Developer\nProficient in Python, Django, and API development.","Python Developer"
"Elizabeth Rogers\nCloud Solutions Architect\nExperience in designing cloud solutions and architectures.","Cloud Solutions Architect"
"Joshua Torres\nNetwork Administrator\nExpert in network security and management.","Network Administrator"
"Samuel Reed\nVideo Game Tester\nExperience in game testing and user experience analysis.","Video Game Tester"
"yewerwr\","Not Found"
